Gener_No,BestFit,AvgFit,maxFitValue
0,1969.6793409011477,20976.76991510454,46290.03604857456
1,1560.6244247285915,10488.05041987705,36169.88469060904
2,1560.6244247285915,6210.787644617117,25046.0805669845
3,1560.6244247285915,3801.3460658947047,19864.928371550854
4,1560.6244247285915,2453.892051004996,11844.702419197461
5,1560.6244247285915,2141.6893347491477,7076.359384492253
6,1558.8670297973256,2061.8391862888807,7076.359384492253
7,1558.8670297973256,2007.5481462000264,6210.6641981432185
8,1551.9647706153764,1860.2350668654417,5044.636260583031
9,1551.9647706153764,1791.661473668879,2892.525620059099
10,1422.5634252754282,1774.8787395373158,2892.525620059099
11,1422.5634252754282,1761.6778288727282,2892.525620059099
12,1422.5634252754282,1735.246055348206,2892.525620059099
13,1422.5634252754282,1708.4361635048963,2057.319938172505
14,1422.5634252754282,1686.6513254373303,2057.319938172505
15,1422.5634252754282,1669.489677300444,2057.319938172505
16,1422.5634252754282,1653.0709979293108,1947.913083929268
17,1396.3822597574665,1639.2732688176973,1947.913083929268
18,1377.8252103033426,1623.6480308113757,1947.913083929268
19,1377.8252103033426,1610.491185544959,1811.7842651747862
20,1287.6405615125796,1603.1883541126358,1811.7842651747862
21,1287.6405615125796,1598.6925263605008,1811.7842651747862
22,1287.6405615125796,1591.6769886216807,1811.7842651747862
23,1287.6405615125796,1576.3108585324983,1769.5770588644632
24,1287.6405615125796,1571.6940595744763,1769.5770588644632
25,1287.6405615125796,1562.3362160557851,1769.5770588644632
26,1287.6405615125796,1557.635492086513,1769.5770588644632
27,1287.6405615125796,1554.0837072291865,1769.5770588644632
28,1287.6405615125796,1552.5897911399213,1769.5770588644632
29,1287.6405615125796,1546.5377865595071,1740.4020712182084
30,1287.6405615125796,1540.7100218134563,1715.5567940402577
31,1287.6405615125796,1537.0199612106785,1715.5567940402577
32,1287.6405615125796,1531.4228179264828,1699.9713950298767
33,1287.6405615125796,1528.9087290088914,1699.9713950298767
34,1287.6405615125796,1523.4783851960174,1699.9713950298767
35,1287.6405615125796,1516.5597172355583,1681.8504324218457
36,1287.6405615125796,1511.7973385233663,1681.8504324218457
37,1287.6405615125796,1508.1643063534968,1659.8211635143114
38,1287.6405615125796,1502.9751856160176,1659.8211635143114
39,1287.6405615125796,1498.43282662264,1659.8211635143114
40,1287.6405615125796,1489.3823624637093,1659.8211635143114
41,1287.6405615125796,1483.8752356942941,1659.8211635143114
42,1287.6405615125796,1480.8085940153353,1659.8211635143114
43,1275.4777786415607,1473.0270988413647,1659.8211635143114
44,1275.4777786415607,1469.5538941443715,1659.8211635143114
45,1275.4777786415607,1466.7463372620352,1659.8211635143114
46,1275.4777786415607,1462.42615315228,1659.8211635143114
47,1275.4777786415607,1461.5511753161572,1659.8211635143114
48,1275.4777786415607,1460.2520654164248,1659.8211635143114
49,1275.4777786415607,1454.5374431206108,1659.8211635143114
50,1275.4777786415607,1450.4593363951988,1659.8211635143114
51,1275.4777786415607,1445.7492698817687,1632.4893188577573
52,1275.4777786415607,1441.9926977897494,1601.2762406308584
53,1275.4777786415607,1437.7122152418247,1601.2762406308584
54,1275.4777786415607,1435.9009991440992,1601.2762406308584
55,1275.4777786415607,1433.443313247463,1601.2762406308584
56,1275.4777786415607,1431.4388958789243,1601.2762406308584
57,1275.4777786415607,1430.354377528708,1601.2762406308584
58,1275.4777786415607,1428.994252018944,1586.512621229985
59,1275.4777786415607,1426.9309322000488,1586.512621229985
60,1275.4777786415607,1426.2283993626106,1586.512621229985
61,1275.4777786415607,1422.6673276412653,1584.0205262437537
62,1275.4777786415607,1421.8565363708508,1584.0205262437537
63,1275.4777786415607,1420.2721229005076,1562.54538082702
64,1275.4777786415607,1416.6069996904353,1562.54538082702
65,1275.4777786415607,1414.6286155027078,1562.54538082702
66,1275.4777786415607,1413.8921213561434,1562.54538082702
67,1275.4777786415607,1413.570753227117,1562.54538082702
68,1275.4777786415607,1412.6334851739684,1562.54538082702
69,1275.4777786415607,1411.9737993233912,1562.54538082702
70,1223.8476112606506,1409.3849884637896,1562.54538082702
71,1223.8476112606506,1406.7057277312479,1562.54538082702
72,1223.8476112606506,1403.7334322851755,1562.54538082702
73,1223.8476112606506,1400.913466952319,1562.54538082702
74,1223.8476112606506,1399.7937905984313,1562.54538082702
75,1223.8476112606506,1395.7455671176483,1532.686761899459
76,1223.8476112606506,1391.1346437612506,1532.686761899459
77,1223.8476112606506,1390.6418000415267,1532.686761899459
78,1223.8476112606506,1386.840462466833,1532.686761899459
79,1223.8476112606506,1382.9062707807807,1532.686761899459
80,1223.8476112606506,1381.3694327082962,1532.686761899459
81,1223.8476112606506,1380.049873099649,1532.686761899459
82,1223.8476112606506,1374.7921477970774,1532.686761899459
83,1223.8476112606506,1374.715565743036,1532.686761899459
84,1223.8476112606506,1373.4912947701796,1532.686761899459
85,1223.8476112606506,1371.5455579782313,1514.5986069063258
86,1223.8476112606506,1369.9596526350424,1505.9140737925513
87,1223.8476112606506,1369.648597129029,1505.9140737925513
88,1195.9512571158375,1366.8897540190906,1505.9140737925513
89,1195.9512571158375,1365.752178080991,1505.9140737925513
90,1195.9512571158375,1364.0192447013542,1505.9140737925513
91,1195.9512571158375,1362.0036317018585,1505.9140737925513
92,1195.9512571158375,1361.7358641609562,1505.9140737925513
93,1195.9512571158375,1361.1100077575204,1505.9140737925513
94,1195.9512571158375,1360.6104070352806,1505.9140737925513
95,1195.9512571158375,1357.1514440093868,1501.8086972178246
96,1195.9512571158375,1355.9521066189568,1472.4982368116328
97,1195.9512571158375,1353.6692954523894,1472.4982368116328
98,1195.9512571158375,1350.7079111843843,1472.4982368116328
99,1195.9512571158375,1348.20527433011,1457.655238724827
100,1195.9512571158375,1348.2041276989635,1457.655238724827
101,1195.9512571158375,1346.1775523431947,1457.655238724827
102,1195.9512571158375,1345.799370632577,1457.655238724827
103,1195.9512571158375,1345.5886571004369,1457.655238724827
104,1195.9512571158375,1344.2604542242275,1457.655238724827
105,1180.9693300743581,1338.9345724056768,1453.3071278867474
106,1180.9693300743581,1338.21225559344,1453.3071278867474
107,1180.9693300743581,1333.9772189698178,1453.3071278867474
108,1180.9693300743581,1332.1402352654936,1453.3071278867474
109,1180.9693300743581,1330.787479325314,1453.3071278867474
110,1180.9693300743581,1329.4327077362543,1444.9575779079007
111,1180.9693300743581,1329.3507497975559,1444.9575779079007
112,1180.9693300743581,1328.580744918264,1444.9575779079007
113,1180.9693300743581,1327.7566709020177,1444.9575779079007
114,1180.9693300743581,1327.7566709020177,1444.9575779079007
115,1180.9693300743581,1327.1681160408123,1444.9575779079007
116,1180.9693300743581,1326.606887927938,1444.9575779079007
117,1180.9693300743581,1325.2455431476403,1444.9575779079007
118,1180.9693300743581,1325.0363129226132,1444.9575779079007
119,1180.9693300743581,1324.1405630971026,1444.9575779079007
120,1180.9693300743581,1323.2302123600043,1444.9575779079007
121,1180.9693300743581,1322.9493612256813,1444.9575779079007
122,1180.9693300743581,1322.3002750179958,1444.9575779079007
123,1180.9693300743581,1320.9197592769435,1444.9575779079007
124,1180.9693300743581,1320.648459647017,1444.9575779079007
125,1180.9693300743581,1320.648459647017,1444.9575779079007
126,1180.9693300743581,1319.665616152511,1444.9575779079007
127,1180.9693300743581,1316.0959995889923,1444.9575779079007
128,1180.9693300743581,1313.4352320656865,1444.9575779079007
129,1180.9693300743581,1310.883888800942,1444.9575779079007
130,1180.9693300743581,1310.5844263450847,1444.9575779079007
131,1131.242239601807,1307.804328723353,1444.9575779079007
132,1131.242239601807,1307.1513521869272,1444.9575779079007
133,1131.242239601807,1307.0771381021964,1444.9575779079007
134,1131.242239601807,1304.3173410703612,1444.9575779079007
135,1131.242239601807,1302.5324585294547,1444.9575779079007
136,1131.242239601807,1301.7904087274458,1444.9575779079007
137,1131.242239601807,1297.4926759530651,1444.9575779079007
138,1131.242239601807,1296.3702550187995,1444.9575779079007
139,1131.242239601807,1294.4856019121635,1444.9575779079007
140,1131.242239601807,1293.0352477853232,1444.9575779079007
141,1131.242239601807,1290.8208400557537,1444.9575779079007
142,1131.242239601807,1290.8208400557537,1444.9575779079007
143,1131.242239601807,1290.1635235512022,1406.6113318808175
144,1131.242239601807,1288.5763234114029,1406.6113318808175
145,1131.242239601807,1288.349515656973,1406.6113318808175
146,1131.242239601807,1288.349515656973,1406.6113318808175
147,1131.242239601807,1286.922148211818,1406.6113318808175
148,1131.242239601807,1285.3740892620349,1406.6113318808175
149,1131.242239601807,1284.43143067571,1406.6113318808175
150,1131.242239601807,1283.8868141331316,1406.6113318808175
151,1131.242239601807,1283.2132983838765,1406.6113318808175
152,1131.242239601807,1282.9883811065517,1406.6113318808175
153,1131.242239601807,1281.923069507003,1406.6113318808175
154,1131.242239601807,1279.5500634906614,1406.6113318808175
155,1131.242239601807,1277.92444562008,1406.6113318808175
156,1131.242239601807,1277.174683150067,1406.6113318808175
157,1131.242239601807,1275.0914770828135,1406.6113318808175
158,1131.242239601807,1273.322544092208,1406.6113318808175
159,1131.242239601807,1272.3825488551804,1406.6113318808175
160,1131.242239601807,1271.5629953280265,1406.6113318808175
161,1131.242239601807,1271.0309639128086,1406.6113318808175
162,1131.242239601807,1268.1516583059647,1406.6113318808175
163,1131.242239601807,1267.3612672723532,1406.6113318808175
164,1131.242239601807,1266.9806401545243,1406.6113318808175
165,1131.242239601807,1266.9806401545243,1406.6113318808175
166,1131.242239601807,1265.7686827097968,1406.6113318808175
167,1131.242239601807,1263.1886823969005,1406.6113318808175
168,1084.8160681762397,1260.0308930053113,1406.6113318808175
169,1084.8160681762397,1259.093967350863,1406.6113318808175
170,1084.8160681762397,1257.9394500760447,1406.6113318808175
171,1084.8160681762397,1257.1988739489598,1406.6113318808175
172,1084.8160681762397,1255.328115610155,1406.6113318808175
173,1084.8160681762397,1253.8576188777602,1406.6113318808175
174,1084.8160681762397,1252.0915956164606,1406.6113318808175
175,1084.8160681762397,1250.5753311341643,1406.6113318808175
176,1084.8160681762397,1246.9839461407764,1406.6113318808175
177,1084.8160681762397,1245.4691440597067,1406.6113318808175
178,1084.8160681762397,1244.5488660941585,1406.6113318808175
179,1084.8160681762397,1243.6081150337966,1406.6113318808175
180,1084.8160681762397,1243.6081150337966,1406.6113318808175
181,1084.8160681762397,1240.8602724570942,1406.6113318808175
182,1084.8160681762397,1240.8578575285335,1406.6113318808175
183,1084.8160681762397,1240.8578575285335,1406.6113318808175
184,1084.8160681762397,1238.1128497735338,1406.6113318808175
185,1084.8160681762397,1237.036341625072,1406.6113318808175
186,1084.8160681762397,1236.6607030922144,1406.6113318808175
187,1084.8160681762397,1236.5441125528473,1406.6113318808175
188,1084.8160681762397,1235.605628748271,1406.6113318808175
189,1084.8160681762397,1234.917520280634,1406.6113318808175
190,1084.8160681762397,1233.6925683478673,1406.6113318808175
191,1084.8160681762397,1232.8904374400247,1406.6113318808175
192,1084.8160681762397,1231.1865061327596,1406.6113318808175
193,1084.8160681762397,1230.7283846697899,1406.6113318808175
194,1084.8160681762397,1228.1909519641404,1406.6113318808175
195,1084.8160681762397,1228.0555239959983,1406.6113318808175
196,1084.8160681762397,1225.8693147620272,1349.7649709816758
197,1084.8160681762397,1222.4119406341401,1349.7649709816758
198,1084.8160681762397,1220.0082554705111,1349.7649709816758
199,1084.8160681762397,1220.0082554705111,1349.7649709816758
200,1084.8160681762397,1219.2391130441881,1349.7649709816758
201,1084.8160681762397,1218.2448400324456,1343.5796302723331
202,1084.8160681762397,1217.3514474861702,1343.5796302723331
203,1084.8160681762397,1217.054421974759,1343.5796302723331
204,1084.8160681762397,1216.829992968856,1343.5796302723331
205,1084.8160681762397,1215.652731875951,1343.5796302723331
206,1084.8160681762397,1214.4585447044933,1343.5796302723331
207,1084.8160681762397,1214.221738478848,1343.5796302723331
208,1084.8160681762397,1213.8247696814792,1343.5796302723331
209,1084.8160681762397,1213.4571613110213,1343.5796302723331
210,1084.8160681762397,1212.688128720937,1343.5796302723331
211,1084.8160681762397,1212.4819145847841,1343.5796302723331
212,1084.8160681762397,1210.7115832183833,1343.5796302723331
213,1084.8160681762397,1209.751705189036,1343.5796302723331
214,1084.8160681762397,1208.4915165400569,1343.5796302723331
215,1084.8160681762397,1208.4915165400569,1343.5796302723331
216,1084.8160681762397,1207.6771520556242,1343.5796302723331
217,1084.8160681762397,1207.312607180675,1343.5796302723331
218,1084.8160681762397,1205.374592303453,1331.969020875347
219,1084.8160681762397,1205.0514401383161,1331.969020875347
220,1084.8160681762397,1204.1277240987847,1331.969020875347
221,1084.8160681762397,1203.7171323836817,1331.969020875347
222,1084.8160681762397,1202.0928249297324,1325.8871810561297
223,1084.8160681762397,1200.9079299625917,1325.8871810561297
224,1084.8160681762397,1198.869021662927,1322.7853638596812
225,1084.8160681762397,1198.8552264399038,1322.7853638596812
226,1084.8160681762397,1197.693175101448,1322.7853638596812
227,1084.8160681762397,1196.8817596984686,1322.7853638596812
228,1084.8160681762397,1195.3898643817813,1322.7853638596812
229,1084.8160681762397,1194.2982711026489,1322.7853638596812
230,1084.8160681762397,1192.5460568034507,1322.7853638596812
231,1084.8160681762397,1191.7312270768027,1322.7853638596812
232,1084.8160681762397,1190.2926824607703,1322.7853638596812
233,1084.8160681762397,1190.2926824607703,1322.7853638596812
234,1084.8160681762397,1190.021835679593,1322.7853638596812
235,1084.8160681762397,1190.021835679593,1322.7853638596812
236,1084.8160681762397,1188.3714825577213,1322.7853638596812
237,1084.8160681762397,1186.085026243653,1322.7853638596812
238,1084.8160681762397,1186.085026243653,1322.7853638596812
239,1084.8160681762397,1185.3019513279526,1322.7853638596812
240,1084.8160681762397,1185.0768393629437,1322.7853638596812
241,1084.8160681762397,1185.0768393629437,1322.7853638596812
242,1084.8160681762397,1184.5019442934013,1305.4180639097153
243,1084.8160681762397,1183.5376933929435,1305.4180639097153
244,1084.8160681762397,1183.1694327258663,1305.4180639097153
245,1084.8160681762397,1182.2194920733566,1305.4180639097153
246,1072.1438486089446,1181.723278969776,1305.4180639097153
247,1072.1438486089446,1181.436642942331,1305.4180639097153
248,1072.1438486089446,1181.2719063940829,1305.4180639097153
249,1059.600639932875,1179.7584654107238,1305.4180639097153
250,1059.600639932875,1177.8001227679251,1305.4180639097153
251,1059.600639932875,1176.5804014045495,1305.4180639097153
252,1059.600639932875,1175.8755010186749,1305.4180639097153
253,1059.600639932875,1174.2231615831693,1305.4180639097153
254,1059.600639932875,1174.0996131546037,1305.4180639097153
255,1059.600639932875,1173.9115031553235,1295.9404473169334
256,1059.600639932875,1173.2956752180153,1295.9404473169334
257,1059.600639932875,1173.0409204358714,1295.9404473169334
258,1059.600639932875,1172.6583569621125,1295.9404473169334
259,1059.600639932875,1170.4454050710283,1295.9404473169334
260,1059.600639932875,1170.4454050710283,1295.9404473169334
261,1059.600639932875,1169.5950615174002,1272.0552838725607
262,1059.600639932875,1169.248921654162,1272.0552838725607
263,1059.600639932875,1169.1371959311214,1272.0552838725607
264,1059.600639932875,1168.944511246763,1272.0552838725607
265,1059.600639932875,1168.1317933438843,1272.0552838725607
266,1059.600639932875,1167.38089509174,1272.0552838725607
267,1059.600639932875,1167.0471939111499,1272.0552838725607
268,1059.600639932875,1166.5573563863434,1272.0552838725607
269,1059.600639932875,1165.5586149644917,1272.0552838725607
270,1059.600639932875,1164.4936345049011,1272.0552838725607
271,1059.600639932875,1164.3922865843494,1272.0552838725607
272,1059.600639932875,1163.9913986728557,1272.0552838725607
273,1059.600639932875,1162.8870714874452,1272.0552838725607
274,1059.600639932875,1161.9439949737434,1257.9333258276322
275,1059.600639932875,1161.7663672963474,1257.9333258276322
276,1059.600639932875,1160.928404286367,1257.9333258276322
277,1059.600639932875,1160.928404286367,1257.9333258276322
278,1059.600639932875,1160.7077806595835,1257.9333258276322
279,1059.600639932875,1159.655054070287,1257.9333258276322
280,1059.600639932875,1159.4417320414875,1257.9333258276322
281,1059.600639932875,1158.9986128274008,1257.9333258276322
282,1059.600639932875,1158.8367211645498,1257.9333258276322
283,1059.600639932875,1158.2620958781636,1257.9333258276322
284,1059.600639932875,1157.5089961403758,1257.9333258276322
285,1059.600639932875,1157.5035682588373,1257.9333258276322
286,1059.600639932875,1157.2251755230504,1257.9333258276322
287,1059.600639932875,1155.8152695574586,1257.9333258276322
288,1059.600639932875,1153.4206140437589,1257.9333258276322
289,1059.600639932875,1152.1168797135604,1257.9333258276322
290,1059.600639932875,1151.4467264072093,1257.9333258276322
291,1059.600639932875,1151.4467264072093,1257.9333258276322
292,1059.600639932875,1150.5483250564678,1257.9333258276322
293,1059.600639932875,1149.1286462269634,1257.9333258276322
294,1059.600639932875,1149.1286462269634,1257.9333258276322
295,1059.600639932875,1148.1705945259885,1257.9333258276322
296,1059.600639932875,1147.5080669417925,1257.9333258276322
297,1059.600639932875,1146.2877518806315,1257.9333258276322
298,1059.600639932875,1145.088753716681,1257.9333258276322
299,1059.600639932875,1143.450979449313,1257.9333258276322
300,1059.600639932875,1142.7054025153852,1246.7864977958275
301,1059.600639932875,1142.6343233443267,1246.7864977958275
302,1059.600639932875,1141.8812580521608,1246.7864977958275
303,1059.600639932875,1141.024766605937,1246.7864977958275
304,1040.3026877267907,1139.169816557914,1246.7864977958275
305,1040.3026877267907,1137.3999173234286,1233.3522823014039
306,1040.3026877267907,1137.3999173234286,1233.3522823014039
307,1040.3026877267907,1136.5039183886265,1233.3522823014039
308,1040.3026877267907,1136.478146598499,1233.3522823014039
309,1040.3026877267907,1136.0419388937582,1233.3522823014039
310,1040.3026877267907,1136.0419388937582,1233.3522823014039
311,1040.3026877267907,1135.3185877978008,1233.3522823014039
312,1040.3026877267907,1134.688999025578,1233.3522823014039
313,1040.3026877267907,1134.688999025578,1233.3522823014039
314,1040.3026877267907,1134.3374303501778,1233.3522823014039
315,1040.3026877267907,1134.3374303501778,1233.3522823014039
316,1040.3026877267907,1133.8375101080335,1233.3522823014039
317,1040.3026877267907,1133.4861755496706,1233.3522823014039
318,1040.3026877267907,1133.473556620214,1233.3522823014039
319,1040.3026877267907,1131.9948439397538,1233.3522823014039
320,1040.3026877267907,1130.0244453243872,1233.3522823014039
321,1040.3026877267907,1129.654570166549,1233.3161318404557
322,1040.3026877267907,1128.7032573407153,1233.3161318404557
323,1040.3026877267907,1128.1148972255899,1215.2781434078931
324,1040.3026877267907,1128.1148972255899,1215.2781434078931
325,1040.3026877267907,1126.701332656249,1215.2781434078931
326,1040.3026877267907,1125.524263910928,1215.2781434078931
327,1040.3026877267907,1125.5168178047943,1215.2781434078931
328,1040.3026877267907,1124.3465930320892,1215.2781434078931
329,1040.3026877267907,1122.4551782910976,1215.2781434078931
330,1040.3026877267907,1122.4551782910976,1215.2781434078931
331,1040.3026877267907,1122.3453021438008,1215.2781434078931
332,1040.3026877267907,1122.2591700475318,1215.2781434078931
333,1040.3026877267907,1122.2591700475318,1215.2781434078931
334,1040.3026877267907,1122.2591700475318,1215.2781434078931
335,1040.3026877267907,1122.2424279171928,1215.2781434078931
336,1040.3026877267907,1122.041101811213,1215.2781434078931
337,1040.3026877267907,1122.041101811213,1215.2781434078931
338,1040.3026877267907,1121.5980940149525,1215.2781434078931
339,1040.3026877267907,1120.1475556615212,1215.2781434078931
340,1040.3026877267907,1119.4547945058923,1215.2781434078931
341,1040.3026877267907,1119.0297102949378,1215.2781434078931
342,1040.3026877267907,1118.865200745512,1215.2781434078931
343,1040.3026877267907,1118.4261496113616,1215.2781434078931
344,1040.3026877267907,1118.4261496113616,1215.2781434078931
345,1040.3026877267907,1117.9694429804692,1215.2781434078931
346,1040.3026877267907,1117.9694429804692,1215.2781434078931
347,1040.3026877267907,1116.881462868764,1215.2781434078931
348,1040.3026877267907,1115.336965565105,1215.2781434078931
349,1040.3026877267907,1115.195328369062,1215.2781434078931
350,1040.3026877267907,1115.0406462882718,1215.2781434078931
351,1040.3026877267907,1113.617219146777,1215.2781434078931
352,1039.583451147489,1112.3162385351598,1215.2781434078931
353,1039.583451147489,1111.3985198097942,1215.2781434078931
354,1029.7835805278617,1109.561753835083,1215.2781434078931
355,1029.7835805278617,1109.1253367725274,1215.2781434078931
356,1022.3115678009567,1108.4307871124724,1215.2781434078931
357,1022.3115678009567,1108.4307871124724,1215.2781434078931
358,1022.3115678009567,1107.4929857983504,1215.2781434078931
359,1022.3115678009567,1107.4710900659777,1215.2781434078931
360,1022.3115678009567,1107.2975815812224,1215.2781434078931
361,1022.3115678009567,1107.2975815812224,1215.2781434078931
362,1022.3115678009567,1107.1912080262025,1215.2781434078931
363,1022.3115678009567,1107.1912080262025,1215.2781434078931
364,1022.3115678009567,1107.1912080262025,1215.2781434078931
365,1022.3115678009567,1106.681313279558,1215.2781434078931
366,1022.3115678009567,1106.681313279558,1215.2781434078931
367,1022.3115678009567,1106.0879518632396,1195.1541478102486
368,1022.3115678009567,1105.7148840178209,1195.1541478102486
369,1022.3115678009567,1105.153195841191,1195.1541478102486
370,1022.3115678009567,1105.153195841191,1195.1541478102486
371,1022.3115678009567,1105.153195841191,1195.1541478102486
372,1022.3115678009567,1105.153195841191,1195.1541478102486
373,1022.3115678009567,1104.78150510555,1195.1541478102486
374,1022.3115678009567,1104.314940196785,1195.1541478102486
375,1022.3115678009567,1103.8498372642835,1195.1541478102486
376,1022.3115678009567,1103.8269228851009,1195.1541478102486
377,1022.3115678009567,1103.0522845838939,1195.1541478102486
378,1022.3115678009567,1102.567003542314,1195.1541478102486
379,1022.3115678009567,1101.6667829350838,1195.1541478102486
380,1022.3115678009567,1101.1667029262055,1195.1541478102486
381,1022.3115678009567,1100.2680428887688,1195.1541478102486
382,1022.3115678009567,1100.2362784713084,1195.1541478102486
383,1022.3115678009567,1099.6949513760126,1195.1541478102486
384,1022.3115678009567,1099.379206882374,1195.1541478102486
385,1022.3115678009567,1098.8683347279982,1195.1541478102486
386,1022.3115678009567,1098.8683347279982,1195.1541478102486
387,1022.3115678009567,1098.5309577132416,1195.1541478102486
388,1022.3115678009567,1098.5309577132416,1195.1541478102486
389,1022.3115678009567,1098.5309577132416,1195.1541478102486
390,1022.3115678009567,1096.9445700138012,1195.1541478102486
391,1022.3115678009567,1096.9445700138012,1195.1541478102486
392,1022.3115678009567,1096.7933707156574,1195.1541478102486
393,1022.3115678009567,1096.3396548837025,1195.1541478102486
394,1022.3115678009567,1096.125765630121,1195.1541478102486
395,1022.3115678009567,1096.125765630121,1195.1541478102486
396,1022.3115678009567,1095.5755216843938,1195.1541478102486
397,1022.3115678009567,1094.2275245575233,1195.1541478102486
398,1022.3115678009567,1094.2275245575233,1195.1541478102486
399,1022.3115678009567,1094.2265955450248,1195.1541478102486
400,1022.3115678009567,1094.2265955450248,1195.1541478102486
401,1022.3115678009567,1093.5758307218566,1171.0692072306679
402,1022.3115678009567,1093.5758307218566,1171.0692072306679
403,1022.3115678009567,1092.7403677485686,1171.0692072306679
404,1022.3115678009567,1092.7341731219474,1171.0692072306679
405,1022.3115678009567,1092.7341731219474,1171.0692072306679
406,1022.3115678009567,1092.7250069137806,1171.0692072306679
407,1022.3115678009567,1092.7250069137806,1171.0692072306679
408,1022.3115678009567,1091.6128850665161,1171.0692072306679
409,1022.3115678009567,1091.1372913642158,1171.0692072306679
410,1022.3115678009567,1091.0542769628871,1171.0692072306679
411,1022.3115678009567,1090.9548082517244,1171.0692072306679
412,1022.3115678009567,1090.9548082517244,1171.0692072306679
413,1022.3115678009567,1090.878894639497,1171.0692072306679
414,1022.3115678009567,1090.782537515005,1171.0692072306679
415,1022.3115678009567,1090.782537515005,1171.0692072306679
416,1022.3115678009567,1090.4878281593726,1171.0692072306679
417,1022.3115678009567,1090.4878281593726,1171.0692072306679
418,1022.3115678009567,1090.2424932192214,1171.0692072306679
419,1022.3115678009567,1090.2424932192214,1171.0692072306679
420,1022.3115678009567,1090.0008511850167,1171.0692072306679
421,1022.3115678009567,1089.8465083709536,1171.0692072306679
422,1022.3115678009567,1089.2665160332215,1171.0692072306679
423,1022.3115678009567,1089.252192280653,1171.0692072306679
424,1022.3115678009567,1088.2493139221533,1171.0692072306679
425,1022.3115678009567,1087.4036489376829,1171.0692072306679
426,1022.3115678009567,1087.4036489376829,1171.0692072306679
427,1022.3115678009567,1086.9173680927818,1171.0692072306679
428,1022.3115678009567,1085.2105016751432,1171.0692072306679
429,1022.3115678009567,1085.2105016751432,1171.0692072306679
430,1022.3115678009567,1084.6953882255877,1171.0692072306679
431,1022.3115678009567,1084.6953882255877,1171.0692072306679
432,1022.3115678009567,1084.6953882255877,1171.0692072306679
433,1022.3115678009567,1084.6953882255877,1171.0692072306679
434,1022.3115678009567,1084.2284527396173,1171.0692072306679
435,1022.3115678009567,1084.1726838765226,1171.0692072306679
436,1022.3115678009567,1083.5049894338924,1171.0692072306679
437,1022.3115678009567,1083.0462960329514,1171.0692072306679
438,1022.3115678009567,1082.7795621929458,1171.0692072306679
439,1022.3115678009567,1082.4728260933155,1171.0692072306679
440,1022.3115678009567,1082.2935548495284,1171.0692072306679
441,1022.3115678009567,1081.5280621322172,1171.0692072306679
442,1022.3115678009567,1081.383597035223,1171.0692072306679
443,1022.3115678009567,1080.7878655759912,1171.0692072306679
444,1022.3115678009567,1080.6796736162746,1171.0692072306679
445,1022.3115678009567,1080.6796736162746,1171.0692072306679
446,1022.3115678009567,1079.432575623569,1171.0692072306679
447,1022.3115678009567,1079.11152646548,1171.0692072306679
448,1003.7680272744069,1078.472167721244,1171.0692072306679
449,1003.7680272744069,1078.472167721244,1171.0692072306679
450,1003.7680272744069,1077.1698801458544,1171.0692072306679
451,1003.7680272744069,1076.3180660010369,1171.0692072306679
452,1003.7680272744069,1075.9711425942987,1171.0692072306679
453,1003.7680272744069,1075.9711425942987,1171.0692072306679
454,1003.7680272744069,1075.9682762833488,1171.0692072306679
455,1003.7680272744069,1074.6032178389632,1171.0692072306679
456,1003.7680272744069,1074.024372807746,1171.0692072306679
457,1003.7680272744069,1073.7898524253633,1171.0692072306679
458,1003.7680272744069,1073.7898524253633,1171.0692072306679
459,1003.7680272744069,1073.7898524253633,1171.0692072306679
460,1003.7680272744069,1073.683074095924,1171.0692072306679
461,1003.7680272744069,1072.8635303972092,1171.0692072306679
462,1003.7680272744069,1072.5420904022146,1171.0692072306679
463,1003.7680272744069,1072.5420904022146,1171.0692072306679
464,1003.7680272744069,1072.5420904022146,1171.0692072306679
465,1003.7680272744069,1072.493513922569,1171.0692072306679
466,1003.7680272744069,1072.493513922569,1171.0692072306679
467,1003.7680272744069,1072.4687865333615,1171.0692072306679
468,1003.7680272744069,1072.4687865333615,1171.0692072306679
469,1003.7680272744069,1072.4436103160235,1171.0692072306679
470,1003.7680272744069,1071.5931349817313,1171.0692072306679
471,1003.7680272744069,1071.4928673090299,1171.0692072306679
472,1003.7680272744069,1071.3790865003316,1171.0692072306679
473,1003.7680272744069,1070.49160602779,1156.2540095714166
474,1003.7680272744069,1070.49160602779,1156.2540095714166
475,1003.7680272744069,1070.3155513391905,1156.2540095714166
476,1003.7680272744069,1070.2477630600133,1156.2540095714166
477,1003.7680272744069,1069.982631422583,1156.2540095714166
478,1003.7680272744069,1069.982631422583,1156.2540095714166
479,1003.7680272744069,1069.5023591383206,1156.2540095714166
480,1003.7680272744069,1069.5023591383206,1156.2540095714166
481,1003.7680272744069,1069.0725947131414,1156.2540095714166
482,1003.7680272744069,1068.73167034551,1156.2540095714166
483,1003.7680272744069,1068.1324779095005,1156.2540095714166
484,1003.7680272744069,1068.1324779095005,1156.2540095714166
485,1003.7680272744069,1068.1324779095005,1156.2540095714166
486,1003.7680272744069,1067.178530024984,1156.2540095714166
487,1003.7680272744069,1067.0156639670354,1156.2540095714166
488,1003.7680272744069,1066.9448764683102,1156.2540095714166
489,1003.7680272744069,1065.4523102260619,1156.2540095714166
490,1003.7680272744069,1065.4523102260619,1156.2540095714166
491,1003.7680272744069,1065.4523102260619,1156.2540095714166
492,1003.7680272744069,1065.3716930475996,1156.2540095714166
493,1003.7680272744069,1064.9091338446815,1156.2540095714166
494,1003.7680272744069,1064.9091338446815,1156.2540095714166
495,1003.7680272744069,1064.9091338446815,1156.2540095714166
496,1003.7680272744069,1063.259779071856,1140.6256542643473
497,1003.7680272744069,1061.981286840698,1140.6256542643473
498,1003.7680272744069,1060.7275539969937,1135.8589512727794
499,1003.7680272744069,1060.5793290977629,1135.8589512727794
500,1003.7680272744069,1060.5141187816073,1135.8589512727794
501,1003.7680272744069,1060.4102841438548,1135.8589512727794
502,1003.7680272744069,1060.0048023373167,1135.8589512727794
503,1003.7680272744069,1060.0048023373167,1135.8589512727794
504,1003.7680272744069,1059.4675847431706,1135.8589512727794
505,1003.7680272744069,1059.4675847431706,1135.8589512727794
506,1003.7680272744069,1058.7622319955244,1135.8589512727794
507,1003.7680272744069,1058.6000772710606,1135.8589512727794
508,1003.7680272744069,1057.45706534464,1135.8589512727794
509,1003.7680272744069,1057.45706534464,1135.8589512727794
510,1003.7680272744069,1057.2757521563271,1135.8589512727794
511,1003.7680272744069,1056.9900975249932,1135.8589512727794
512,1003.7680272744069,1056.9411026851217,1135.8589512727794
513,1003.7680272744069,1056.1916552566781,1126.3119957800718
514,1003.7680272744069,1056.1916552566781,1126.3119957800718
515,1003.7680272744069,1055.4290598699147,1118.096223942565
516,1003.7680272744069,1055.4290598699147,1118.096223942565
517,1003.7680272744069,1055.4290598699147,1118.096223942565
518,1003.7680272744069,1054.7765511762714,1118.096223942565
519,1003.7680272744069,1054.251751234846,1118.096223942565
520,1003.7680272744069,1053.4005464251306,1118.096223942565
521,1003.7680272744069,1053.4005464251306,1118.096223942565
522,1003.7680272744069,1053.4005464251306,1118.096223942565
523,1003.7680272744069,1053.4005464251306,1118.096223942565
524,1003.7680272744069,1053.2510345079734,1118.096223942565
525,1003.7680272744069,1053.0502079978403,1118.096223942565
526,1003.7680272744069,1053.0502079978403,1118.096223942565
527,1003.7680272744069,1052.7683367526247,1118.096223942565
528,1003.7680272744069,1052.7683367526247,1118.096223942565
529,1003.7680272744069,1052.7683367526247,1118.096223942565
530,1003.7680272744069,1052.7683367526247,1118.096223942565
531,1003.7680272744069,1052.728299629152,1118.096223942565
532,1003.7680272744069,1052.728299629152,1118.096223942565
533,1003.7680272744069,1052.728299629152,1118.096223942565
534,1003.7680272744069,1052.301059917203,1118.096223942565
535,1003.7680272744069,1052.301059917203,1118.096223942565
536,1003.7680272744069,1052.301059917203,1118.096223942565
537,1003.7680272744069,1052.301059917203,1118.096223942565
538,1003.7680272744069,1051.7855627139645,1118.096223942565
539,1003.7680272744069,1051.4777872335007,1118.096223942565
540,1003.7680272744069,1051.383899968328,1118.096223942565
541,1003.7680272744069,1051.18130027009,1118.096223942565
542,986.0374882434119,1050.3188884432157,1118.096223942565
543,986.0374882434119,1050.3188884432157,1118.096223942565
544,986.0374882434119,1050.3188884432157,1118.096223942565
545,986.0374882434119,1050.3188884432157,1118.096223942565
546,986.0374882434119,1050.098875143855,1118.096223942565
547,986.0374882434119,1049.8127817463135,1118.096223942565
548,986.0374882434119,1048.7958522760036,1118.096223942565
549,986.0374882434119,1048.7319902245636,1118.096223942565
550,986.0374882434119,1048.52691167333,1118.096223942565
551,986.0374882434119,1048.4439112525317,1118.096223942565
552,986.0374882434119,1048.134854844288,1118.096223942565
553,986.0374882434119,1046.8368899124262,1118.096223942565
554,986.0374882434119,1046.8368899124262,1118.096223942565
555,986.0374882434119,1046.5638362456407,1118.096223942565
556,986.0374882434119,1046.293981684793,1118.096223942565
557,986.0374882434119,1046.2526316269611,1118.096223942565
558,986.0374882434119,1046.2526316269611,1118.096223942565
559,986.0374882434119,1045.9443875254183,1118.096223942565
560,986.0374882434119,1045.3847556125238,1118.096223942565
561,986.0374882434119,1045.3847556125238,1118.096223942565
562,986.0374882434119,1045.3847556125238,1118.096223942565
563,986.0374882434119,1045.3847556125238,1118.096223942565
564,986.0374882434119,1045.3847556125238,1118.096223942565
565,986.0374882434119,1045.3847556125238,1118.096223942565
566,986.0374882434119,1045.305323646545,1118.096223942565
567,986.0374882434119,1045.305323646545,1118.096223942565
568,986.0374882434119,1045.305323646545,1118.096223942565
569,986.0374882434119,1045.305323646545,1118.096223942565
570,986.0374882434119,1045.305323646545,1118.096223942565
571,986.0374882434119,1044.7699543793228,1118.096223942565
572,986.0374882434119,1044.7699543793228,1118.096223942565
573,986.0374882434119,1044.527939651696,1118.096223942565
574,986.0374882434119,1044.527939651696,1118.096223942565
575,986.0374882434119,1044.4934605947783,1118.096223942565
576,986.0374882434119,1044.4934605947783,1118.096223942565
577,986.0374882434119,1044.4934605947783,1118.096223942565
578,986.0374882434119,1044.0505766170904,1118.096223942565
579,986.0374882434119,1044.0505766170904,1118.096223942565
580,986.0374882434119,1043.9903768989461,1118.096223942565
581,986.0374882434119,1043.9903768989461,1118.096223942565
582,986.0374882434119,1043.0799410338095,1118.096223942565
583,986.0374882434119,1042.3555884230968,1118.096223942565
584,986.0374882434119,1041.761292095104,1118.096223942565
585,986.0374882434119,1041.761292095104,1118.096223942565
586,986.0374882434119,1041.7095924153036,1118.096223942565
587,978.7428884996835,1040.5242656790351,1118.096223942565
588,978.7428884996835,1040.5242656790351,1118.096223942565
589,978.7428884996835,1040.3549981141127,1118.096223942565
590,978.7428884996835,1039.5659423152408,1118.096223942565
591,978.7428884996835,1039.5659423152408,1118.096223942565
592,978.7428884996835,1038.7118967984534,1118.096223942565
593,978.7428884996835,1038.0330937349534,1118.096223942565
594,978.7428884996835,1038.0330937349534,1118.096223942565
595,978.7428884996835,1037.6853004887907,1118.096223942565
596,978.7428884996835,1037.6853004887907,1118.096223942565
597,978.7428884996835,1037.6853004887907,1118.096223942565
598,978.7428884996835,1037.6148374346128,1118.096223942565
599,978.7428884996835,1037.5261646192791,1118.096223942565
600,978.7428884996835,1036.2996531512383,1118.096223942565
601,978.7428884996835,1036.2996531512383,1118.096223942565
602,978.7428884996835,1036.2996531512383,1118.096223942565
603,978.7428884996835,1035.7010111636291,1118.096223942565
604,978.7428884996835,1035.4759055321679,1118.096223942565
605,978.7428884996835,1035.4759055321679,1118.096223942565
606,978.7428884996835,1035.3159922646253,1118.096223942565
607,959.4356576275638,1034.8511003974284,1118.096223942565
608,959.4356576275638,1034.797588338273,1118.096223942565
609,959.4356576275638,1034.797588338273,1118.096223942565
610,959.4356576275638,1034.797588338273,1118.096223942565
611,959.4356576275638,1034.7382769734133,1118.096223942565
612,959.4356576275638,1034.699151382799,1118.096223942565
613,940.733533963302,1033.4908025699845,1118.096223942565
614,940.733533963302,1033.211630557092,1118.096223942565
615,940.733533963302,1032.8059031916926,1118.096223942565
616,940.733533963302,1032.8059031916926,1118.096223942565
617,940.733533963302,1032.6589664857386,1118.096223942565
618,940.733533963302,1031.7108278150818,1118.096223942565
619,940.733533963302,1031.2865814164468,1118.096223942565
620,940.733533963302,1030.8878482136338,1118.096223942565
621,940.733533963302,1030.8878482136338,1118.096223942565
622,940.733533963302,1030.8554890684795,1118.096223942565
623,940.733533963302,1030.3301505163777,1118.096223942565
624,940.733533963302,1030.2211552522358,1107.1966975283524
625,940.733533963302,1030.2211552522358,1107.1966975283524
626,940.733533963302,1030.2211552522358,1107.1966975283524
627,940.733533963302,1029.017639577361,1107.1966975283524
628,940.733533963302,1029.017639577361,1107.1966975283524
629,940.733533963302,1029.017639577361,1107.1966975283524
630,940.733533963302,1029.017639577361,1107.1966975283524
631,940.733533963302,1029.017639577361,1107.1966975283524
632,940.733533963302,1027.9170123915544,1107.1966975283524
633,940.733533963302,1027.6590591669333,1107.1966975283524
634,940.733533963302,1027.392377028492,1107.1966975283524
635,940.733533963302,1026.9523417013909,1107.1966975283524
636,940.733533963302,1026.9523417013909,1107.1966975283524
637,940.733533963302,1026.9523417013909,1107.1966975283524
638,940.733533963302,1026.9523417013909,1107.1966975283524
639,940.733533963302,1026.9523417013909,1107.1966975283524
640,940.733533963302,1026.9523417013909,1107.1966975283524
641,940.733533963302,1026.9523417013909,1107.1966975283524
642,940.733533963302,1026.9523417013909,1107.1966975283524
643,940.733533963302,1026.215296443164,1107.1966975283524
644,940.733533963302,1025.9865620645041,1107.1966975283524
645,940.733533963302,1025.9865620645041,1107.1966975283524
646,940.733533963302,1025.3534061782432,1107.1966975283524
647,940.733533963302,1025.1875065660063,1107.1966975283524
648,940.733533963302,1024.3464515037856,1107.1966975283524
649,940.733533963302,1024.3464515037856,1107.1966975283524
650,940.733533963302,1024.3464515037856,1107.1966975283524
651,940.733533963302,1024.1082426331382,1107.1966975283524
652,940.733533963302,1024.0703730437456,1107.1966975283524
653,940.733533963302,1023.6149180099907,1107.1966975283524
654,940.733533963302,1023.6149180099907,1107.1966975283524
655,940.733533963302,1023.168257690788,1107.1966975283524
656,940.733533963302,1022.9506578645997,1107.1966975283524
657,940.733533963302,1022.889668867545,1107.1966975283524
658,940.733533963302,1022.370343992045,1107.1966975283524
659,940.733533963302,1022.370343992045,1107.1966975283524
660,940.733533963302,1021.8619002686892,1107.1966975283524
661,940.733533963302,1020.7741018821337,1107.1966975283524
662,940.733533963302,1020.1293210032775,1107.1966975283524
663,940.733533963302,1019.8305028129596,1107.1966975283524
664,940.733533963302,1019.7017484937419,1107.1966975283524
665,940.733533963302,1019.327435328429,1107.1966975283524
666,940.733533963302,1019.0683307674783,1107.1966975283524
667,940.733533963302,1019.0683307674783,1107.1966975283524
668,940.733533963302,1019.0683307674783,1107.1966975283524
669,940.733533963302,1018.9363732184293,1107.1966975283524
670,940.733533963302,1018.7716377586802,1107.1966975283524
671,940.733533963302,1018.5065058484942,1107.1966975283524
672,940.733533963302,1017.9940393308317,1107.1966975283524
673,940.733533963302,1017.6269678688445,1107.1966975283524
674,940.733533963302,1017.0451317490856,1107.1966975283524
675,940.733533963302,1016.8641852493447,1107.1966975283524
676,940.733533963302,1016.761343360336,1107.1966975283524
677,940.733533963302,1016.5248274167493,1107.1966975283524
678,940.733533963302,1016.1886314652313,1107.1966975283524
679,940.733533963302,1015.6027563280278,1107.1966975283524
680,940.733533963302,1015.459844048309,1107.1966975283524
681,940.733533963302,1015.1036392800274,1107.1966975283524
682,940.733533963302,1015.1036392800274,1107.1966975283524
683,940.733533963302,1015.0713550998034,1107.1966975283524
684,940.733533963302,1015.0713550998034,1107.1966975283524
685,940.733533963302,1014.9649599158342,1107.1966975283524
686,940.733533963302,1013.9253265742361,1107.1966975283524
687,940.733533963302,1013.8671178948478,1107.1966975283524
688,940.733533963302,1013.4513330863914,1107.1966975283524
689,940.733533963302,1013.4513330863914,1107.1966975283524
690,940.733533963302,1011.4861721163162,1107.1966975283524
691,940.733533963302,1011.4861721163162,1107.1966975283524
692,940.733533963302,1011.3302703767075,1107.1966975283524
693,940.733533963302,1011.3302703767075,1107.1966975283524
694,940.733533963302,1011.0847884175233,1107.1966975283524
695,940.733533963302,1011.0847884175233,1107.1966975283524
696,940.733533963302,1011.0847884175233,1107.1966975283524
697,940.733533963302,1010.8106100328613,1107.1966975283524
698,940.733533963302,1010.8106100328613,1107.1966975283524
699,940.733533963302,1010.8106100328613,1107.1966975283524
700,940.733533963302,1010.0262326820689,1107.1966975283524
701,940.733533963302,1010.0262326820689,1107.1966975283524
702,940.733533963302,1010.0262326820689,1107.1966975283524
703,940.733533963302,1010.0262326820689,1107.1966975283524
704,940.733533963302,1009.6568627660934,1107.1966975283524
705,940.733533963302,1009.2475192034871,1107.1966975283524
706,940.733533963302,1008.8871067008057,1107.1966975283524
707,940.733533963302,1008.3890885026505,1107.1966975283524
708,940.733533963302,1008.3890885026505,1107.1966975283524
709,940.733533963302,1008.3890885026505,1107.1966975283524
710,940.733533963302,1007.6153662435878,1058.1104484221753
711,940.733533963302,1007.4573613948062,1058.1104484221753
712,940.733533963302,1006.4425531833966,1057.4826282895078
713,940.733533963302,1006.4425531833966,1057.4826282895078
714,940.733533963302,1006.1937870569506,1057.4826282895078
715,940.733533963302,1006.1937870569506,1057.4826282895078
716,940.733533963302,1006.1937870569506,1057.4826282895078
717,940.733533963302,1005.66330052671,1057.4826282895078
718,940.733533963302,1005.3576918471795,1057.4826282895078
719,940.733533963302,1005.2762461138539,1057.4826282895078
720,940.733533963302,1005.2762461138539,1057.4826282895078
721,940.733533963302,1004.3568523640854,1053.5304087903744
722,940.733533963302,1003.7684113371109,1053.5304087903744
723,940.733533963302,1003.7684113371109,1053.5304087903744
724,940.733533963302,1003.178513709422,1053.5304087903744
725,940.733533963302,1003.178513709422,1053.5304087903744
726,940.733533963302,1003.178513709422,1053.5304087903744
727,940.733533963302,1003.178513709422,1053.5304087903744
728,940.733533963302,1003.178513709422,1053.5304087903744
729,940.733533963302,1002.3525753152494,1053.5304087903744
730,940.733533963302,1002.3525753152494,1053.5304087903744
731,940.733533963302,1002.3010820983789,1053.5304087903744
732,940.733533963302,1001.346895953754,1053.5304087903744
733,940.733533963302,1001.2893108044009,1053.5304087903744
734,940.733533963302,1000.8950164946069,1053.5304087903744
735,940.733533963302,1000.5718369050987,1053.5304087903744
736,940.733533963302,1000.3963314880987,1053.5304087903744
737,940.733533963302,1000.1854847680188,1053.5304087903744
738,940.733533963302,1000.1854847680188,1053.5304087903744
739,940.733533963302,999.8965820330532,1053.5304087903744
740,940.733533963302,999.5644635116246,1053.5304087903744
741,940.733533963302,999.5644635116246,1053.5304087903744
742,940.733533963302,999.4344443890363,1053.5304087903744
743,940.733533963302,999.4344443890363,1053.5304087903744
744,940.733533963302,999.4344443890363,1053.5304087903744
745,940.733533963302,999.1626121244865,1053.5304087903744
746,940.733533963302,999.1626121244865,1053.5304087903744
747,940.733533963302,999.0775191783433,1053.5304087903744
748,940.733533963302,999.0775191783433,1053.5304087903744
749,940.733533963302,998.9054751079656,1053.5304087903744
750,940.733533963302,998.9054751079656,1053.5304087903744
751,940.733533963302,998.3323186375608,1053.5304087903744
752,940.733533963302,998.3323186375608,1053.5304087903744
753,940.733533963302,997.661016789012,1053.5304087903744
754,940.733533963302,997.1243199927537,1053.5304087903744
755,940.733533963302,996.9112362074344,1051.3760424888667
756,940.733533963302,996.9112362074344,1051.3760424888667
757,940.733533963302,996.5308141314748,1051.3760424888667
758,940.733533963302,995.6229814809755,1051.3760424888667
759,940.733533963302,995.6229814809755,1051.3760424888667
760,940.733533963302,995.2222176696165,1051.3760424888667
761,940.733533963302,995.0621543621548,1051.3760424888667
762,940.733533963302,995.0621543621548,1051.3760424888667
763,940.733533963302,995.0621543621548,1051.3760424888667
764,940.733533963302,995.0621543621548,1051.3760424888667
765,940.733533963302,995.0621543621548,1051.3760424888667
766,940.733533963302,994.4303751478718,1051.3760424888667
767,940.733533963302,994.3787873228956,1051.3760424888667
768,940.733533963302,993.9745192413321,1051.3760424888667
769,940.733533963302,993.9745192413321,1051.3760424888667
770,940.733533963302,993.9745192413321,1051.3760424888667
771,940.733533963302,993.9745192413321,1051.3760424888667
772,940.733533963302,993.9114971771784,1051.3760424888667
773,940.733533963302,993.9114971771784,1051.3760424888667
774,940.733533963302,993.7668237856655,1051.3760424888667
775,940.733533963302,993.4109596447763,1051.3760424888667
776,940.733533963302,993.3809985783798,1051.3760424888667
777,940.733533963302,993.3809985783798,1051.3760424888667
778,940.733533963302,993.2199180851335,1051.3760424888667
779,940.733533963302,992.654909952384,1051.3760424888667
780,940.733533963302,992.3529170309678,1051.3760424888667
781,940.733533963302,992.2838141159714,1051.3760424888667
782,940.733533963302,992.2838141159714,1051.3760424888667
783,940.733533963302,991.7073483144028,1051.3760424888667
784,940.733533963302,991.7073483144028,1051.3760424888667
785,940.733533963302,991.3499565239426,1051.3760424888667
786,940.733533963302,991.3499565239426,1051.3760424888667
787,940.733533963302,990.6383086564913,1051.3760424888667
788,940.733533963302,990.6383086564913,1051.3760424888667
789,940.733533963302,989.7384151667571,1051.3760424888667
790,940.733533963302,989.7384151667571,1051.3760424888667
791,940.733533963302,989.4910688879642,1051.3760424888667
792,940.733533963302,989.4910688879642,1051.3760424888667
793,940.733533963302,989.4910688879642,1051.3760424888667
794,940.733533963302,989.3538128013419,1051.3760424888667
795,940.733533963302,989.3538128013419,1051.3760424888667
796,940.733533963302,989.3538128013419,1051.3760424888667
797,940.733533963302,989.3538128013419,1051.3760424888667
798,940.733533963302,989.3538128013419,1051.3760424888667
799,940.733533963302,989.2084748958187,1051.3760424888667
800,940.733533963302,988.8851406705312,1051.3760424888667
801,940.733533963302,988.8851406705312,1051.3760424888667
802,940.733533963302,988.8851406705312,1051.3760424888667
803,940.733533963302,988.5178556610404,1051.3760424888667
804,940.733533963302,987.970565203711,1051.3760424888667
805,940.733533963302,987.970565203711,1051.3760424888667
806,940.733533963302,987.970565203711,1051.3760424888667
807,940.733533963302,987.4173455156614,1051.3760424888667
808,940.733533963302,987.4173455156614,1051.3760424888667
809,940.733533963302,986.7996374913719,1051.3760424888667
810,940.733533963302,986.7692472403858,1048.3370173902476
811,940.733533963302,986.7692472403858,1048.3370173902476
812,940.733533963302,986.7271749299516,1048.3370173902476
813,940.733533963302,986.7271749299516,1048.3370173902476
814,940.733533963302,986.6336254931651,1048.3370173902476
815,940.733533963302,986.6336254931651,1048.3370173902476
816,940.733533963302,986.6336254931651,1048.3370173902476
817,940.733533963302,986.3486435028461,1048.3370173902476
818,940.733533963302,986.3486435028461,1048.3370173902476
819,940.733533963302,986.3486435028461,1048.3370173902476
820,940.733533963302,985.7433950806937,1047.2214798203554
821,940.733533963302,985.6418724590077,1047.2214798203554
822,940.733533963302,985.2318802903112,1047.2214798203554
823,940.733533963302,985.0666275724263,1047.2214798203554
824,940.733533963302,984.6210520121301,1047.2214798203554
825,940.733533963302,984.6210520121301,1047.2214798203554
826,940.733533963302,984.6210520121301,1047.2214798203554
827,940.733533963302,983.9631953071953,1047.2214798203554
828,940.733533963302,983.8799470224782,1047.2214798203554
829,940.733533963302,983.5981646779562,1047.2214798203554
830,940.733533963302,983.5981646779562,1047.2214798203554
831,940.733533963302,983.2534041440032,1047.2214798203554
832,940.733533963302,983.2534041440032,1047.2214798203554
833,940.733533963302,982.5998304711247,1047.2214798203554
834,940.733533963302,982.0016075767807,1047.2214798203554
835,940.733533963302,981.7293771827411,1047.2214798203554
836,940.733533963302,981.7293771827411,1047.2214798203554
837,940.733533963302,981.7293771827411,1047.2214798203554
838,940.733533963302,981.7293771827411,1047.2214798203554
839,940.733533963302,981.7293771827411,1047.2214798203554
840,940.733533963302,981.7293771827411,1047.2214798203554
841,940.733533963302,981.7293771827411,1047.2214798203554
842,940.733533963302,981.150391181408,1047.2214798203554
843,940.733533963302,981.150391181408,1047.2214798203554
844,940.733533963302,981.150391181408,1047.2214798203554
845,940.733533963302,980.549042304717,1047.2214798203554
846,940.733533963302,980.549042304717,1047.2214798203554
847,940.733533963302,980.549042304717,1047.2214798203554
848,940.5507606227242,980.1157682478885,1046.198369263075
849,940.5507606227242,980.1157682478885,1046.198369263075
850,940.5507606227242,980.1157682478885,1046.198369263075
851,940.5507606227242,980.1157682478885,1046.198369263075
852,940.5507606227242,980.1157682478885,1046.198369263075
853,940.5507606227242,980.1157682478885,1046.198369263075
854,940.5507606227242,980.1157682478885,1046.198369263075
855,940.5507606227242,980.0237984830184,1046.198369263075
856,940.5507606227242,980.0237984830184,1046.198369263075
857,940.5507606227242,980.0237984830184,1046.198369263075
858,940.5507606227242,979.7821414379844,1046.198369263075
859,940.5507606227242,979.3818755858243,1046.198369263075
860,940.5507606227242,979.3818755858243,1046.198369263075
861,940.5507606227242,979.101953366021,1046.198369263075
862,940.5507606227242,979.0784178705321,1046.198369263075
863,940.5507606227242,978.3428151617617,1046.198369263075
864,940.5507606227242,977.8920844389571,1046.198369263075
865,940.5507606227242,977.8920844389571,1046.198369263075
866,940.5507606227242,977.8920844389571,1046.198369263075
867,940.5507606227242,977.7262546499574,1046.198369263075
868,940.5507606227242,977.7262546499574,1046.198369263075
869,940.5507606227242,977.7262546499574,1046.198369263075
870,940.5507606227242,977.6582808933582,1046.198369263075
871,940.5507606227242,977.6582808933582,1046.198369263075
872,940.5507606227242,977.6582808933582,1046.198369263075
873,940.5507606227242,977.5061211408912,1046.198369263075
874,940.5507606227242,977.3839806405729,1046.198369263075
875,940.5507606227242,977.3839806405729,1046.198369263075
876,940.5507606227242,977.3120758210332,1046.198369263075
877,940.5507606227242,977.3120758210332,1046.198369263075
878,940.5507606227242,976.7867992963797,1046.198369263075
879,940.5507606227242,976.7867992963797,1046.198369263075
880,940.5507606227242,976.7867992963797,1046.198369263075
881,940.5507606227242,976.7867992963797,1046.198369263075
882,940.5507606227242,976.6268692725364,1046.198369263075
883,940.5507606227242,976.6268692725364,1046.198369263075
884,940.5507606227242,976.4162745913538,1046.198369263075
885,940.5507606227242,976.4162745913538,1046.198369263075
886,929.7765718374316,976.308532703501,1046.198369263075
887,929.7765718374316,976.2476054882962,1046.198369263075
888,929.7765718374316,976.2476054882962,1046.198369263075
889,929.7765718374316,976.2476054882962,1046.198369263075
890,929.7765718374316,976.2476054882962,1046.198369263075
891,929.7765718374316,976.2476054882962,1046.198369263075
892,929.7765718374316,976.2476054882962,1046.198369263075
893,929.7765718374316,976.2476054882962,1046.198369263075
894,929.7765718374316,976.2476054882962,1046.198369263075
895,929.7765718374316,976.2476054882962,1046.198369263075
896,929.7765718374316,976.2476054882962,1046.198369263075
897,929.7765718374316,976.0315228891033,1046.198369263075
898,929.7765718374316,975.9756498063789,1046.198369263075
899,929.7765718374316,975.9756498063789,1046.198369263075
900,929.7765718374316,975.9756498063789,1046.198369263075
901,929.7765718374316,975.9756498063789,1046.198369263075
902,929.7765718374316,975.9756498063789,1046.198369263075
903,929.7765718374316,975.9756498063789,1046.198369263075
904,929.7765718374316,975.9756498063789,1046.198369263075
905,929.7765718374316,975.6618639993484,1046.198369263075
906,929.7765718374316,975.6618639993484,1046.198369263075
907,929.7765718374316,975.449238534374,1046.198369263075
908,929.7765718374316,975.449238534374,1046.198369263075
909,929.7765718374316,975.4324521334388,1046.198369263075
910,929.7765718374316,975.4324521334388,1046.198369263075
911,929.7765718374316,975.4324521334388,1046.198369263075
912,929.7765718374316,975.1970606291304,1046.198369263075
913,929.7765718374316,975.1970606291304,1046.198369263075
914,929.7765718374316,974.5746826279615,1032.9212667555144
915,929.7765718374316,974.5611578955105,1032.9212667555144
916,929.7765718374316,973.97653615088,1032.9212667555144
917,929.7765718374316,973.97653615088,1032.9212667555144
918,929.7765718374316,973.745041054003,1032.9212667555144
919,929.7765718374316,973.5464784511718,1032.9212667555144
920,929.7765718374316,973.5464784511718,1032.9212667555144
921,929.7765718374316,973.5464784511718,1032.9212667555144
922,929.7765718374316,973.5464784511718,1032.9212667555144
923,929.7765718374316,973.5309291206456,1032.9212667555144
924,929.7765718374316,973.5309291206456,1032.9212667555144
925,929.7765718374316,973.5309291206456,1032.9212667555144
926,929.7765718374316,973.3840780516621,1032.9212667555144
927,929.7765718374316,973.3840780516621,1032.9212667555144
928,929.7765718374316,973.3840780516621,1032.9212667555144
929,929.7765718374316,973.3840780516621,1032.9212667555144
930,929.7765718374316,973.3840780516621,1032.9212667555144
931,929.7765718374316,972.8551354264688,1032.9212667555144
932,929.7765718374316,972.8551354264688,1032.9212667555144
933,929.7765718374316,972.8551354264688,1032.9212667555144
934,929.7765718374316,972.8551354264688,1032.9212667555144
935,929.7765718374316,972.8551354264688,1032.9212667555144
936,929.7765718374316,972.8551354264688,1032.9212667555144
937,929.7765718374316,972.654879988696,1032.9212667555144
938,929.7765718374316,972.654879988696,1032.9212667555144
939,929.7765718374316,972.6277347217311,1032.9212667555144
940,929.7765718374316,972.6153834990935,1032.9212667555144
941,929.7765718374316,972.6153834990935,1032.9212667555144
942,926.7029375836245,972.1125701114516,1032.9212667555144
943,926.7029375836245,971.9254993467035,1032.9212667555144
944,926.7029375836245,971.9254993467035,1032.9212667555144
945,926.7029375836245,971.9254993467035,1032.9212667555144
946,926.7029375836245,971.7340309214237,1032.9212667555144
947,926.7029375836245,971.7340309214237,1032.9212667555144
948,926.7029375836245,971.7340309214237,1032.9212667555144
949,926.7029375836245,970.883713585096,1032.9212667555144
950,926.7029375836245,970.5090848180109,1032.9212667555144
951,926.7029375836245,970.3469626212212,1032.9212667555144
952,926.7029375836245,970.3469626212212,1032.9212667555144
953,926.7029375836245,970.3469626212212,1032.9212667555144
954,926.7029375836245,970.0411637862812,1032.9212667555144
955,926.7029375836245,969.5366412176766,1032.9212667555144
956,926.7029375836245,969.4985569167409,1032.9212667555144
957,926.7029375836245,969.0428525357939,1032.9212667555144
958,926.7029375836245,969.0428525357939,1032.9212667555144
959,926.7029375836245,969.0428525357939,1032.9212667555144
960,926.7029375836245,969.0428525357939,1032.9212667555144
961,926.7029375836245,969.0428525357939,1032.9212667555144
962,926.7029375836245,969.0097026305498,1032.9212667555144
963,926.7029375836245,969.0097026305498,1032.9212667555144
964,926.7029375836245,969.0097026305498,1032.9212667555144
965,926.7029375836245,969.0097026305498,1032.9212667555144
966,926.7029375836245,968.8209991746975,1032.9212667555144
967,926.7029375836245,968.8209991746975,1032.9212667555144
968,926.7029375836245,968.3212809659376,1032.9212667555144
969,926.7029375836245,968.3212809659376,1032.9212667555144
970,926.7029375836245,968.234595579358,1032.9212667555144
971,926.7029375836245,967.6501059213082,1032.9212667555144
972,926.7029375836245,967.6501059213082,1032.9212667555144
973,926.7029375836245,967.6501059213082,1032.9212667555144
974,926.7029375836245,967.6501059213082,1032.9212667555144
975,926.7029375836245,967.6501059213082,1032.9212667555144
976,926.7029375836245,967.6501059213082,1032.9212667555144
977,926.7029375836245,967.6501059213082,1032.9212667555144
978,926.7029375836245,967.155145506477,1032.9212667555144
979,926.7029375836245,967.155145506477,1032.9212667555144
980,926.7029375836245,967.155145506477,1032.9212667555144
981,926.7029375836245,966.8119042874553,1032.9212667555144
982,926.7029375836245,966.8119042874553,1032.9212667555144
983,926.7029375836245,966.4915846122874,1032.9212667555144
984,926.7029375836245,966.4915846122874,1032.9212667555144
985,926.7029375836245,966.4915846122874,1032.9212667555144
986,926.7029375836245,966.4266696025654,1032.9212667555144
987,926.7029375836245,966.4266696025654,1032.9212667555144
988,926.7029375836245,966.4266696025654,1032.9212667555144
989,926.7029375836245,966.4266696025654,1032.9212667555144
990,926.7029375836245,966.3261607736099,1032.9212667555144
991,923.3256094688417,966.0718370856423,1032.9212667555144
992,923.3256094688417,966.0718370856423,1032.9212667555144
993,923.3256094688417,966.0718370856423,1032.9212667555144
994,923.3256094688417,965.9162336077392,1032.9212667555144
995,923.3256094688417,965.880201542275,1032.9212667555144
996,923.3256094688417,965.880201542275,1032.9212667555144
997,923.3256094688417,965.880201542275,1032.9212667555144
998,923.3256094688417,965.880201542275,1032.9212667555144
999,923.3256094688417,965.880201542275,1032.9212667555144
1000,923.3256094688417,965.880201542275,1032.9212667555144
1001,923.3256094688417,965.880201542275,1032.9212667555144
1002,923.3256094688417,965.6728821165506,1032.9212667555144
1003,923.3256094688417,965.6728821165506,1032.9212667555144
1004,923.3256094688417,965.6728821165506,1032.9212667555144
1005,923.3256094688417,965.6728821165506,1032.9212667555144
1006,923.3256094688417,965.6728821165506,1032.9212667555144
1007,923.3256094688417,965.6728821165506,1032.9212667555144
1008,923.3256094688417,965.6728821165506,1032.9212667555144
1009,923.3256094688417,965.4853669557233,1032.9212667555144
1010,915.5918716919833,965.2164097585647,1032.9212667555144
1011,915.5918716919833,964.5600939234157,1032.9212667555144
1012,915.5918716919833,964.5343003767736,1032.9212667555144
1013,915.5918716919833,964.5343003767736,1032.9212667555144
1014,915.5918716919833,964.5343003767736,1032.9212667555144
1015,915.5918716919833,964.5343003767736,1032.9212667555144
1016,907.6494605902419,963.7127895731646,1032.9212667555144
1017,907.6494605902419,963.5977892986332,1032.9212667555144
1018,907.6494605902419,963.5977892986332,1032.9212667555144
1019,907.6494605902419,962.9449411108681,1032.9212667555144
1020,907.6494605902419,962.9449411108681,1032.9212667555144
1021,907.6494605902419,962.9449411108681,1032.9212667555144
1022,907.6494605902419,962.9449411108681,1032.9212667555144
1023,907.6494605902419,962.4048582520908,1009.4984860603242
1024,907.6494605902419,961.8195176228683,1009.4984860603242
1025,907.6494605902419,961.7499684264179,1009.4984860603242
1026,907.6494605902419,961.7499684264179,1009.4984860603242
1027,907.6494605902419,961.7499684264179,1009.4984860603242
1028,907.6494605902419,961.7499684264179,1009.4984860603242
1029,907.6494605902419,961.7499684264179,1009.4984860603242
1030,907.6494605902419,961.7499684264179,1009.4984860603242
1031,907.6494605902419,961.6245389566927,1009.4984860603242
1032,907.6494605902419,961.6245389566927,1009.4984860603242
1033,907.6494605902419,961.0441829233168,1009.4984860603242
1034,907.6494605902419,961.0441829233168,1009.4984860603242
1035,907.6494605902419,961.0441829233168,1009.4984860603242
1036,907.6494605902419,961.0441829233168,1009.4984860603242
1037,907.6494605902419,960.9411912385398,1009.4984860603242
1038,907.6494605902419,960.9411912385398,1009.4984860603242
1039,907.6494605902419,960.4683063672919,1009.4984860603242
1040,907.6494605902419,960.2919474142846,1009.4984860603242
1041,907.6494605902419,960.2919474142846,1009.4984860603242
1042,907.6494605902419,960.2919474142846,1009.4984860603242
1043,907.6494605902419,960.2919474142846,1009.4984860603242
1044,907.6494605902419,960.2919474142846,1009.4984860603242
1045,907.6494605902419,959.7325070827933,1009.4984860603242
1046,907.6494605902419,959.6516766599524,1009.4984860603242
1047,907.6494605902419,959.6516766599524,1009.4984860603242
1048,907.6494605902419,959.5476094887059,1009.4984860603242
1049,907.6494605902419,959.5476094887059,1009.4984860603242
1050,907.6494605902419,959.5476094887059,1009.4984860603242
1051,907.6494605902419,959.1321074646335,1009.4984860603242
1052,907.6494605902419,958.6919993137311,1009.4984860603242
1053,907.6494605902419,958.2519166794468,1009.4984860603242
1054,907.6494605902419,958.2519166794468,1009.4984860603242
1055,907.6494605902419,958.2519166794468,1009.4984860603242
1056,907.6494605902419,958.2519166794468,1009.4984860603242
1057,907.6494605902419,957.5079725941581,1007.0726754592007
1058,907.6494605902419,957.5079725941581,1007.0726754592007
1059,907.6494605902419,957.5079725941581,1007.0726754592007
1060,907.6494605902419,957.5079725941581,1007.0726754592007
1061,907.6494605902419,956.8833475090262,1007.0726754592007
1062,907.6494605902419,956.8833475090262,1007.0726754592007
1063,907.6494605902419,956.8833475090262,1007.0726754592007
1064,907.6494605902419,956.8833475090262,1007.0726754592007
1065,907.6494605902419,956.6965144908511,1007.0726754592007
1066,907.6494605902419,956.6965144908511,1007.0726754592007
1067,907.6494605902419,956.6965144908511,1007.0726754592007
1068,907.6494605902419,956.6965144908511,1007.0726754592007
1069,907.6494605902419,956.6965144908511,1007.0726754592007
1070,907.6494605902419,956.6965144908511,1007.0726754592007
1071,907.6494605902419,956.6965144908511,1007.0726754592007
1072,907.6494605902419,956.6965144908511,1007.0726754592007
1073,907.6494605902419,956.6965144908511,1007.0726754592007
1074,907.6494605902419,956.4561268389954,1007.0726754592007
1075,907.6494605902419,956.4561268389954,1007.0726754592007
1076,907.6494605902419,956.3221819315851,998.894656654151
1077,907.6494605902419,956.3221819315851,998.894656654151
1078,907.6494605902419,956.3221819315851,998.894656654151
1079,907.6494605902419,956.3221819315851,998.894656654151
1080,907.6494605902419,955.8667203257547,998.894656654151
1081,907.6494605902419,955.8667203257547,998.894656654151
1082,907.6494605902419,955.8667203257547,998.894656654151
1083,907.6494605902419,955.8667203257547,998.894656654151
1084,907.6494605902419,955.8667203257547,998.894656654151
1085,907.6494605902419,955.7381953187725,998.894656654151
1086,907.6494605902419,955.7381953187725,998.894656654151
1087,907.6494605902419,955.7381953187725,998.894656654151
1088,907.6494605902419,955.7381953187725,998.894656654151
1089,907.6494605902419,955.7381953187725,998.894656654151
1090,907.6494605902419,955.3582934267974,998.894656654151
1091,907.6494605902419,955.3582934267974,998.894656654151
1092,907.6494605902419,955.1984905272712,998.894656654151
1093,907.6494605902419,955.1984905272712,998.894656654151
1094,907.6494605902419,955.1344591095616,998.894656654151
1095,907.6494605902419,955.1344591095616,998.894656654151
1096,907.6494605902419,955.1344591095616,998.894656654151
1097,907.6494605902419,955.1344591095616,998.894656654151
1098,907.6494605902419,954.8428536685683,998.894656654151
1099,907.6494605902419,954.8428536685683,998.894656654151
